GUI Development,YouTube Link
Python,https://www.youtube.com/watch?v=_uQrJ0TkZlc
Java,https://www.youtube.com/watch?v=eIrMbAQSU34
C,https://www.youtube.com/watch?v=KJgsSFOSQv0
C++,https://www.youtube.com/watch?v=ZzaPdXTrSb8
C#,https://www.youtube.com/watch?v=GhQdlIFylQ8&pp=0gcJCdgAo7VqN5tD
JavaScript,https://m.youtube.com/watch?v=EerdGm-ehJQ
TypeScript,https://www.youtube.com/watch?v=d56mG7DezGs
Swift,https://www.youtube.com/watch?v=8Xg7E9shq0U&pp=0gcJCdgAo7VqN5tD
Kotlin,https://www.youtube.com/watch?v=dzUc9vrsldM
PHP,https://www.youtube.com/watch?v=BUCiSSyIGGU&pp=0gcJCdgAo7VqN5tD
Ruby,https://www.youtube.com/watch?v=t_ispmWmdjY
Dart,https://www.youtube.com/watch?v=CzRQ9mnmh44
R,https://www.youtube.com/watch?v=_V8eKsto3Ug
Scala,https://www.youtube.com/watch?v=OfngvXKNkpM
Go (Golang),https://www.youtube.com/watch?v=yyUHQIec83I
Rust,https://www.youtube.com/watch?v=rQ_J9WH6CGk
Objective-C,https://www.youtube.com/watch?v=5esQqZIJ83g&pp=0gcJCdgAo7VqN5tD
Perl,https://www.youtube.com/watch?v=WEghIXs8F6c&pp=0gcJCdgAo7VqN5tD
MATLAB,https://www.youtube.com/watch?v=7f50sQYjNRA&pp=0gcJCdgAo7VqN5tD
Shell Scripting (Bash),https://www.youtube.com/watch?v=tK9Oc6AEnR4&pp=0gcJCdgAo7VqN5tD
SQL,https://www.youtube.com/watch?v=OT1RErkfLNQ&pp=0gcJCdgAo7VqN5tD
PL/SQL,https://www.youtube.com/watch?v=iY0akm4ejAY&pp=0gcJCdgAo7VqN5tD
Assembly Language,https://www.youtube.com/watch?v=4gwYkEK0gOk
Visual Basic,https://www.youtube.com/watch?v=HFWQdGn5DaU
Haskell,https://www.youtube.com/watch?v=TklkNLihQ_A
Elixir,https://www.youtube.com/watch?v=-lgtb-YSUWE
F#,https://www.youtube.com/watch?v=SvOInBxPL30&t=692s
Julia,https://www.youtube.com/watch?v=KlorfxsdWDw
Lua,https://www.youtube.com/watch?v=1srFmjt1Ib0&pp=0gcJCdgAo7VqN5tD
COBOL,https://www.youtube.com/watch?v=TBs7HXI76yU
Fortran,https://www.youtube.com/watch?v=__2UgFNYgf8
Groovy,https://www.youtube.com/watch?v=vDtENU-3Lwo
Prolog,https://www.youtube.com/watch?v=SykxWpFwMGs
Lisp,https://www.youtube.com/watch?v=cKK-Y1-jAHM&pp=0gcJCdgAo7VqN5tD
VB.NET,https://www.youtube.com/watch?v=HFWQdGn5DaU
ColdFusion,https://www.youtube.com/watch?v=405YaN2jtcM&t=0s
Ada,https://www.youtube.com/watch?v=f6wneklxryk&pp=ygUFI19hZGE%3D
Crystal,https://www.youtube.com/watch?v=oOA5C9H3XYA
Smalltalk,https://www.youtube.com/watch?v=ThewgUBRods&pp=0gcJCfcAhR29_xXO
OCaml,https://www.youtube.com/watch?v=_L_UMDI7-3E
HTML,https://www.youtube.com/watch?v=qz0aGYrrlhU
CSS,https://www.youtube.com/watch?v=OXGznpKZ_sA
JavaScript,https://m.youtube.com/watch?v=EerdGm-ehJQ
TypeScript,https://www.youtube.com/watch?v=d56mG7DezGs
React.js,https://www.youtube.com/watch?v=SqcY0GlETPk
Angular,https://www.youtube.com/watch?v=oUmVFHlwZsI
Vue.js,https://www.youtube.com/watch?v=VeNfHj6MhgA
Svelte,https://www.youtube.com/watch?v=UGBJHYpHPvA
Next.js,https://www.youtube.com/watch?v=ZVnjOPwW4ZA
Nuxt.js,https://www.youtube.com/watch?v=fTPCKnZZ2dk
jQuery,https://www.youtube.com/watch?v=QhQ4m5g2fhA
Bootstrap,https://www.youtube.com/watch?v=-qfEOE4vtxE
Tailwind CSS,https://www.youtube.com/watch?v=lCxcTsOHrjo
Sass,https://www.youtube.com/watch?v=_a5j7KoflTs
Less,https://www.youtube.com/watch?v=YD91G8DdUsw&pp=0gcJCdgAo7VqN5tD
Webpack,https://m.youtube.com/watch?v=IZGNcSuwBZs
Babel,https://www.youtube.com/watch?v=tn63LjUJp8w
Parcel,https://www.youtube.com/watch?v=D3EZ9dvjuHI
Gulp,https://www.youtube.com/watch?v=LYbt50dhTko
Grunt,https://www.youtube.com/watch?v=3Xem8LgoIMw
Django,https://www.youtube.com/watch?v=Rp5vd34d-z4
Flask,https://www.youtube.com/watch?v=45P3xQPaYxc
Express.js,https://www.youtube.com/watch?v=SccSCuHhOw0
Laravel,https://www.youtube.com/watch?v=DKnn8TlJ4MA
Symfony,https://www.youtube.com/watch?v=i_jgWZItCGI&t=0s
CodeIgniter,https://www.youtube.com/watch?v=R1StjWM_LOE
ASP.NET MVC,https://www.youtube.com/watch?v=xuFdrXqpPB0
Ruby on Rails,https://www.youtube.com/watch?v=fmyvWz5TUWg&pp=0gcJCdgAo7VqN5tD
Phoenix (Elixir),https://www.youtube.com/watch?v=gDeA8w-JEtY
Spring Boot,https://www.youtube.com/watch?v=gJrjgg1KVL4
JSP,https://www.youtube.com/watch?v=OuBUUkQfBYM&pp=0gcJCdgAo7VqN5tD
HTTP/HTTPS,https://www.youtube.com/watch?v=fA0IBFiKaPE&pp=ygUTI2h0dHByZXF1ZXN0c21hdHRlcg%3D%3D
REST APIs,https://www.youtube.com/watch?v=-mN3VyJuCjM&pp=0gcJCdgAo7VqN5tD
SOAP APIs,https://www.youtube.com/watch?v=sTGgBoFBDAY
GraphQL,https://www.youtube.com/watch?v=Zg4XIpnLWQg
WebSockets,https://www.youtube.com/watch?v=J8xReLuBNPY
PWA (Progressive Web Apps),https://www.youtube.com/watch?v=BByUknfLTuA
WebAssembly,https://www.youtube.com/watch?v=_8T9T6MQ1fU
JSON,https://www.youtube.com/watch?v=iiADhChRriM
XML,https://www.youtube.com/watch?v=1JblVElt5K0
Android (Java/Kotlin),https://www.youtube.com/watch?v=BCSlZIUj18Y
iOS (Swift/Objective-C),https://www.youtube.com/watch?v=1N7_DVeS-Sw&pp=ygUKI29iamV0aXZlYw%3D%3D
Flutter (Dart),https://www.youtube.com/watch?v=CzRQ9mnmh44
React Native,https://www.youtube.com/watch?v=WDunoPNBxKA
Xamarin,https://m.youtube.com/watch?v=zvp7wvbyceo&t=2079s
Ionic,https://www.youtube.com/watch?v=5Gj4Y8zvl-s
Cordova,https://www.youtube.com/watch?v=Aqzuakon7S0
NativeScript,https://www.youtube.com/watch?v=8Q8OtgL3Fuo
Firebase (Mobile Backend),https://www.youtube.com/watch?v=UFD4SP91tSM
Kotlin Multiplatform Mobile (KMM),https://www.youtube.com/watch?v=FLvRaAu1wqw
Android Jetpack,https://www.youtube.com/watch?v=6_wK_Ud8--0&pp=0gcJCdgAo7VqN5tD
SwiftUI,https://www.youtube.com/watch?v=b1oC7sLIgpI
ARKit (iOS Augmented Reality),https://www.youtube.com/watch?v=lamIxNozxv4
CoreML (iOS Machine Learning),https://www.youtube.com/watch?v=OxKHt1NwOHw
Unity (Mobile Game Dev),https://www.youtube.com/watch?v=3y28i5n2g0Q
Mobile UI/UX Design,https://www.youtube.com/watch?v=PeGfX7W1mJk
Mobile App Deployment (Play Store/App Store),https://www.youtube.com/watch?v=L9sU_aGeQEY
App Store Optimization (ASO),https://www.youtube.com/watch?v=j0mRQ9TtIs0
In-App Purchases Integration (Flutter),https://www.youtube.com/watch?v=0PCJkbOaEpo
Mobile Testing (Espresso/XCTest),https://www.youtube.com/watch?v=_bEfTbAxRHA
MySQL,https://www.youtube.com/watch?v=5OdVJbNCSso
PostgreSQL,https://www.youtube.com/watch?v=SpfIwlAYaKk
SQLite,https://www.youtube.com/watch?v=8Xyn8R9eKB8
MongoDB,https://www.youtube.com/watch?v=c2M-rlkkT5o
Oracle Database,https://www.youtube.com/watch?v=ObbNGhcxXJA
Microsoft SQL Server,https://www.youtube.com/watch?v=voTZUMw23pg
Redis,https://www.youtube.com/watch?v=8sHCdz_tOjk
Cassandra,https://www.youtube.com/watch?v=J-cSy5MeMOA
CouchDB,https://www.youtube.com/watch?v=nlqv9Np3iAU&pp=0gcJCdgAo7VqN5tD
Firebase Realtime Database,https://www.youtube.com/watch?v=pP7quzFmWBY&pp=ygUTI2ZpcmViYXNlZGF0YWluc2VydA%3D%3D
Firestore,https://www.youtube.com/watch?v=BjtxPj6jRM8
Neo4j (Graph DB),https://www.youtube.com/watch?v=8jNPelugC2s&pp=ygUII25lb2F1cmE%3D
InfluxDB,https://www.youtube.com/watch?v=XloH_0G2IzA&pp=0gcJCdgAo7VqN5tD
MariaDB,https://www.youtube.com/watch?v=_AMj02sANpI
DB2 (IBM),https://www.youtube.com/watch?v=pQ5TtKDEab4
ClickHouse,https://www.youtube.com/watch?v=6mmQUOmA-T0
TimescaleDB,https://www.youtube.com/watch?v=69Tzh_0lHJ8
Apache Hive,https://www.youtube.com/watch?v=JglO2Nv_92A&pp=ygUXI2hpdmVjb3Vyc2Vmb3JiZWdpbm5lcnM%3D
Apache HBase,https://www.youtube.com/watch?v=9LKx4QApG6o
Data Modeling,https://www.youtube.com/watch?v=CUR6rKrIEGc&pp=0gcJCdgAo7VqN5tD
Database Design,https://www.youtube.com/watch?v=MiAl2mQ718s&pp=ygULI2RibW9kZWxpbmc%3D
ER Diagrams,https://www.youtube.com/watch?v=xsg9BDiwiJE
SQL Joins,https://www.youtube.com/watch?v=0OQJDd3QqQM&pp=0gcJCdgAo7VqN5tD
Query Optimization,https://www.youtube.com/watch?v=AqsjuhbCWrU
Stored Procedures,https://www.youtube.com/watch?v=NrBJmtD0kEw
Triggers,https://www.youtube.com/watch?v=f6VWSlnHGCE
Views,https://www.youtube.com/watch?v=XmI5SwzGC8Q
Indexing,https://www.youtube.com/watch?v=pNugjZKxbVQ
Backup and Recovery,https://www.youtube.com/watch?v=lvmGYDIi0zY
Data Migration,https://www.youtube.com/watch?v=S7HTsuWz_2U
Database Tuning,https://www.youtube.com/watch?v=0G9xh1yxRXs
Replication,https://www.youtube.com/playlist?list=PLSKjM-JDM9Mcwqoz6wl0vO_B_SFvTaVtK
Sharding,https://www.youtube.com/watch?v=JDLgw8Po9QY
NoSQL vs SQL Concepts,https://www.youtube.com/watch?v=I_Qtbw35g5o
OLTP,https://www.youtube.com/watch?v=HPBzBiLG5Sc
OLAP,https://www.youtube.com/watch?v=5GOjioIcs8g
Data Warehousing,https://www.youtube.com/watch?v=eNxbMwUGl1g&pp=ygUJI3NzYXMyMDIy
Windows OS,https://www.youtube.com/watch?v=m82-FjOUfdQ&pp=ygUWI2ZsaXBjbG9ja2ZvcndpbmRvd3MxMQ%3D%3D
macOS,https://www.youtube.com/watch?v=9mDK3C2em7M
"Linux (Ubuntu, CentOS, etc.)",https://www.youtube.com/watch?v=sWbUDq4S6Y8
Unix,https://www.youtube.com/watch?v=IrDUcdpPmdI
Android OS,https://www.youtube.com/watch?v=fis26HvvDII
iOS,https://www.youtube.com/watch?v=nqTcAzPS3oc&pp=ygUJI2FwcGxhdWNo
Chrome OS,https://www.youtube.com/watch?v=IPrci7Bgxdk
Red Hat Enterprise Linux (RHEL),https://www.youtube.com/watch?v=5UF37H3fwEY
Debian,https://www.youtube.com/watch?v=zOZEkzwhThc
Fedora,https://www.youtube.com/watch?v=GoCPO_If7kY
Bash Scripting,https://www.youtube.com/watch?v=tK9Oc6AEnR4&pp=0gcJCdgAo7VqN5tD
PowerShell,https://www.youtube.com/watch?v=ZOoCaWyifmI
System Configuration,https://www.youtube.com/watch?v=HBqN6j6-Vf8
User Management,https://www.youtube.com/watch?v=f_hueX5L5T0
File System Management,https://www.youtube.com/watch?v=k-EID5_2D9U
Process Management,https://www.youtube.com/watch?v=BPswQhZTgFQ
Cron Jobs,https://www.youtube.com/watch?v=v952m13p-b4
System Logs,https://www.youtube.com/watch?v=8XuqFwgFYUk
Networking Configuration,https://www.youtube.com/watch?v=1KPyAQNhztM
"Package Management (APT, YUM, Homebrew, etc.)",https://www.youtube.com/watch?v=J_HlP7bqt90
Virtual Memory,https://www.youtube.com/watch?v=A9WLYbE0p-I
Kernel Configuration,https://www.youtube.com/watch?v=T5SZERvLriA
Drivers and Modules,https://www.youtube.com/watch?v=SwFnF1yHTfc
OS Security,https://www.youtube.com/watch?v=Hv6_QNP9gJM
dual boot systems ,https://www.youtube.com/watch?v=KWVte9WGxGE
 SDLC (Software Development Life Cycle),https://www.youtube.com/watch?v=5b36UTNRmtI&pp=ygULI2hyaXNzb2hhaWw%3D
 Agile Methodology,https://www.youtube.com/watch?v=P1mbqnACR0M
 Scrum,https://www.youtube.com/watch?v=HA5f54QNQWM
 Kanban,https://www.youtube.com/watch?v=vU1Qp3dwnQs
 Waterfall Model,https://www.youtube.com/watch?v=0q9jBPhI-fA
 DevOps Principles,https://www.youtube.com/watch?v=SMJ4ZR5gy9g
 Continuous Integration (CI),https://www.youtube.com/watch?v=MIWH2CpVyXs
 Continuous Deployment (CD),https://www.youtube.com/watch?v=qP8kir2GUgo
 Version Control (Git),https://www.youtube.com/watch?v=PWqS4NBhEY8&pp=0gcJCdgAo7VqN5tD
 GitHub,https://www.youtube.com/watch?v=tRZGeaHPoaw
 GitLab,https://www.youtube.com/watch?v=8aV5AxJrHDg
 Bitbucket,https://www.youtube.com/watch?v=1tC6Z57AOkY
 Code Review,https://www.youtube.com/watch?v=DYamyCSDtew&pp=0gcJCdgAo7VqN5tD
 Test-Driven Development (TDD),https://www.youtube.com/watch?v=yfP_v6qCdcs
 Behavior-Driven Development (BDD),https://www.youtube.com/watch?v=gXh0iUt4TXA
 UML Diagrams,https://www.youtube.com/watch?v=6XrL5jXmTwM
 Design Patterns,https://www.youtube.com/watch?v=NU_1StN5Tkk
 Refactoring,https://www.youtube.com/watch?v=vhYK3pDUijk
 Code Documentation,https://www.youtube.com/watch?v=L7Ry-Fiij-M
 Code Quality & Linting,https://www.youtube.com/watch?v=01SfCJh7vD4&pp=ygUMI2xpbnRhamFsYW5n
 Unit Testing,https://www.youtube.com/watch?v=zuKbR4Q428o
 Integration Testing,https://www.youtube.com/watch?v=mHMAneHNFhM
 System Testing,https://www.youtube.com/watch?v=ll2NXKxK0kI
 Regression Testing,https://www.youtube.com/watch?v=AWX6WvYktwk
 Load Testing,https://www.youtube.com/watch?v=hOn4xl-J6PE
 Automation Testing,https://www.youtube.com/watch?v=R3JxCOZdL-c
 Static Code Analysis,https://www.youtube.com/watch?v=1-zJMnkQODk
" Issue Tracking (Jira, Trello)",https://www.youtube.com/watch?v=VTmHxjdLFmc
 Requirements Gathering,https://www.youtube.com/watch?v=WrPmccFpdaU&pp=0gcJCdgAo7VqN5tD
 Software Maintenance,https://www.youtube.com/watch?v=yS2WM1Rk79k
Data Visualization,https://www.youtube.com/watch?v=srz8y8x5zhc
Pandas (Python),https://www.youtube.com/watch?v=2uvysYbKdjM
Tableau,https://www.youtube.com/watch?v=j8FSP8XuFyk
Power BI,https://www.youtube.com/watch?v=NNSHu0rkew8
Amazon DynamoDB,https://www.youtube.com/watch?v=2k2GINpO308
Cybersecurity  ,https://www.youtube.com/watch?v=7jTbbV47YJg
Security Auditing,https://www.youtube.com/watch?v=bnR2uOzEDcA
Malware Analysis,https://www.youtube.com/watch?v=qA0YcYMRWyI
Forensics,https://www.youtube.com/watch?v=JNIUeGMax-U&pp=ygUYI2RpZ2l0YWxmb3JlbnNpY3R1dG9yaWFs
Risk Assessment,https://www.youtube.com/watch?v=VMtzAjqnyBk
Social Engineering,https://www.youtube.com/watch?v=uvKTMgWRPw4
Phishing Attacks,https://www.youtube.com/watch?v=BhGWnSeNXq0
Security Patching,https://www.youtube.com/watch?v=Xe8oNePjn58
Secure Coding Practices,https://www.youtube.com/watch?v=8m1N2t-WANc
Threat Intelligence,https://www.youtube.com/watch?v=vDygXGJzWCY
"Cloud Security (CSPM, CNAPP)",https://www.youtube.com/watch?v=N6hRVM7fo0E
SOC (Security Operations Center),https://www.youtube.com/watch?v=OHkWXFheSKM
Incident Response,https://www.youtube.com/watch?v=QHfO73X63ro
"Data Privacy (GDPR, HIPAA)",https://www.youtube.com/watch?v=ZENAJX5Eyd8
Blockchain Security,https://www.youtube.com/watch?v=M6sLKkc6bV8
API Security,https://www.youtube.com/watch?v=6WZ6S-qmtqY
Mobile App Security,https://www.youtube.com/watch?v=6RXtL_3BFGE
Browser Security,https://www.youtube.com/watch?v=E3LVxDq-aBA
"Authentication Protocols (OAuth, SAML)",https://www.youtube.com/watch?v=R8Mw3XJ1dlA
Data Wrangling,https://www.youtube.com/watch?v=oXImkptBpqc
Data Science Skills,https://www.youtube.com/watch?v=ua-CiDNNj30
Data Analysis,https://www.youtube.com/watch?v=wUSDVGivd-8
Data Visualization,https://www.youtube.com/watch?v=srz8y8x5zhc
Data Cleaning,https://www.youtube.com/watch?v=WpX2F2BS3Qc&pp=0gcJCdgAo7VqN5tD
Pandas (Python),https://www.youtube.com/watch?v=2uvysYbKdjM
NumPy,https://www.youtube.com/watch?v=QUT1VHiLmmI
Matplotlib,https://www.youtube.com/watch?v=wB9C0Mz9gSo
Seaborn,https://www.youtube.com/watch?v=6GUZXDef2U0&pp=0gcJCdgAo7VqN5tD
Plotly,https://www.youtube.com/watch?v=GGL6U0k8WYA
Power BI,https://www.youtube.com/watch?v=NNSHu0rkew8
Tableau,https://www.youtube.com/watch?v=j8FSP8XuFyk
Microsoft Excel (Advanced),https://www.youtube.com/watch?v=DXOq1xiIaF0
Google Data Studio,https://www.youtube.com/watch?v=hx88yKCCHRo&pp=ygUZI2dvb2dsZWRhdGFzdHVkaW90cmFpbmluZw%3D%3D
R Programming,https://www.youtube.com/watch?v=_V8eKsto3Ug
Statistics,https://www.youtube.com/watch?v=XZo4xyJXCak
Probability,https://www.youtube.com/watch?v=SkidyDQuupA
Hypothesis Testing,https://www.youtube.com/watch?v=zJ8e_wAWUzE
Linear Regression,https://www.youtube.com/watch?v=WkVvZreJtmU&pp=0gcJCdgAo7VqN5tD
Logistic Regression,https://www.youtube.com/watch?v=CuvIc8C3EDI
Time Series Analysis,https://www.youtube.com/watch?v=GE3JOFwTWVM
"Clustering (K-Means, DBSCAN)",https://www.youtube.com/watch?v=RDZUdRSDOok
"Dimensionality Reduction (PCA, t-SNE)",https://www.youtube.com/watch?v=uYy9zJSCP2Q
EDA (Exploratory Data Analysis),https://www.youtube.com/watch?v=FNLLxYcUnow&pp=ygUdI3RlYWPgpJrgpILgpKbgpY3gpLDgpK_gpL7gpKg%3D
Big Data Concepts,https://www.youtube.com/watch?v=yTq2qc_eaTk&pp=ygUbI2JpZ2RhdGF0dXRvcmlhZm9yYmVnaW5uZXJz
Apache Spark,https://www.youtube.com/watch?v=v_uodKAywXA
PySpark,https://www.youtube.com/watch?v=EB8lfdxpirM&pp=0gcJCdgAo7VqN5tD
Multi-Factor Authentication,https://www.youtube.com/watch?v=JCFAoMPFq-Q
Data Pipelines,https://www.youtube.com/watch?v=6kEGUCrBEU0&pp=0gcJCdgAo7VqN5tD
Feature Engineering,https://www.youtube.com/watch?v=pYVScuY-GPk&pp=0gcJCfcAhR29_xXO
Sketch,https://www.youtube.com/playlist?list=PLktSUNu3rLlp1NiQ4264yyxg_Z-BkDz0J
Artificial Intelligence / Machine Learning Skills,https://www.youtube.com/watch?v=6WmtIaIX-bQ
Machine Learning Algorithms,https://www.youtube.com/watch?v=i_LwzRVP7bg
Supervised Learning,https://www.youtube.com/watch?v=Mu3POlNoLdc
Unsupervised Learning,https://www.youtube.com/watch?v=5yeJ03crTrI
Reinforcement Learning,https://www.youtube.com/watch?v=Mut_u40Sqz4
Deep Learning,https://www.youtube.com/watch?v=VyWAvY2CF9c
Neural Networks,https://www.youtube.com/watch?v=KiW-W4v0nBo
Convolutional Neural Networks (CNNs),https://www.youtube.com/watch?v=zfiSAzpy9NM
Recurrent Neural Networks (RNNs),https://www.youtube.com/watch?v=AsNTP8Kwu80
Transformers,https://www.youtube.com/watch?v=4Bdc55j80l8
Attention Mechanisms,https://www.youtube.com/watch?v=fjJOgb-E41w&pp=0gcJCfcAhR29_xXO
Natural Language Processing (NLP),https://www.youtube.com/watch?v=M7SWr5xObkA
Computer Vision,https://www.youtube.com/watch?v=01sAkU_NvOY&pp=0gcJCdgAo7VqN5tD
Scikit-learn,https://www.youtube.com/watch?v=0B5eIE_1vpU
TensorFlow,https://www.youtube.com/watch?v=tPYj3fFJGjk
Keras,https://www.youtube.com/watch?v=pWp3PhYI-OU&pp=0gcJCdgAo7VqN5tD
PyTorch,https://www.youtube.com/playlist?list=PLhhyoLH6IjfxeoooqP9rhU3HJIAVAJ3Vz
OpenCV,https://www.youtube.com/watch?v=oXlwWbU8l2o
Hugging Face Transformers,https://www.youtube.com/watch?v=jan07gloaRg
BERT,https://www.youtube.com/watch?v=7kLi8u2dJz0
GPT Models,https://www.youtube.com/watch?v=kCc8FmEb1nY&pp=0gcJCdgAo7VqN5tD
LSTM,https://www.youtube.com/watch?v=YCzL96nL7j0
GANs (Generative Adversarial Networks),https://www.youtube.com/watch?v=AALBGpLbj6Q
"ML Model Evaluation (Confusion Matrix, ROC AUC)",https://www.youtube.com/watch?v=Joh3LOaG8Q0
Hyperparameter Tuning,https://www.youtube.com/watch?v=2-ccInULI_0
Cross Validation,https://www.youtube.com/watch?v=-8s9KuNo5SA
Model Deployment,https://www.youtube.com/watch?v=rgr_aCg-338
MLOps,https://www.youtube.com/watch?v=-dJPoLm_gtE&pp=0gcJCdgAo7VqN5tD
AutoML,https://www.youtube.com/watch?v=XKp40ul2JpA
Edge AI,https://www.youtube.com/watch?v=z5lIrWTebOY
AI Ethics,https://www.youtube.com/watch?v=muLPOvIEtaw
Bias and Fairness in AI,https://www.youtube.com/watch?v=76ITKR8kI1M
Explainable AI (XAI),https://www.youtube.com/watch?v=YuDijSIR9iM&pp=0gcJCdgAo7VqN5tD
Chatbots and Virtual Assistants,https://www.youtube.com/watch?v=SWP3k-24jT4
Voice Recognition,https://www.youtube.com/watch?v=mYUyaKmvu6Y
Recommendation Systems,https://www.youtube.com/watch?v=Ams4sEn50cw
InVision,https://www.youtube.com/watch?v=mu7atFCly8M
UI/UX Design Skills,https://www.youtube.com/watch?v=MoVO8eVe3gI
UI Design,https://www.youtube.com/watch?v=c9Wg6Cb_YlU
UX Research,https://www.youtube.com/watch?v=coU-VHH7TQ0
UX Writing,https://www.youtube.com/watch?v=hsMLqUFtPbU
Wireframing,https://www.youtube.com/watch?v=D4NyQ5iOMF0
Prototyping,https://www.youtube.com/watch?v=UUsysuFmVrA
Figma,https://www.youtube.com/watch?v=jQ1sfKIl50E&pp=0gcJCdgAo7VqN5tD
Adobe XD,https://www.youtube.com/watch?v=HMbj5B_QrYQ
SQL for Data Science,https://www.youtube.com/watch?v=7mz73uXD9DA&pp=0gcJCdgAo7VqN5tD
Interaction Design,https://www.youtube.com/watch?v=DlQ75eTM_AM
Responsive Design,https://www.youtube.com/watch?v=x4u1yp3Msao
User-Centered Design,https://www.youtube.com/watch?v=4OVptMIxsT4
Information Architecture,https://www.youtube.com/watch?v=akWDacn5lIA
Human-Computer Interaction (HCI),https://www.youtube.com/watch?v=yNzLBI0wsGU
Accessibility (WCAG),https://www.youtube.com/watch?v=NEK3aMPs1Us
Color Theory,https://www.youtube.com/watch?v=2QTHs7QSR9o
Typography,https://www.youtube.com/watch?v=Os8W7jIdTxo
Design Systems,https://www.youtube.com/watch?v=_uva2dQPlV8
Heuristic Evaluation,https://www.youtube.com/watch?v=sqi0-Lz_ZTY
Usability Testing,https://www.youtube.com/watch?v=EYUL0N1Fjhg
Journey Mapping,https://www.youtube.com/watch?v=3iwL2OEeWiw
Affinity Mapping,https://www.youtube.com/watch?v=vIhmqIQH8SM
UI Patterns,https://www.youtube.com/watch?v=X6RRjByY5Nk
UI Animation,https://www.youtube.com/watch?v=O6o5AtU2p10
Mobile-First Design,https://www.youtube.com/watch?v=q6qA_609UOE
Material Design,https://www.youtube.com/watch?v=h_JYW2hdI8U&pp=ygUQI2Rlc2lnbm9uYW5kcm9pZA%3D%3D
Apple Human Interface Guidelines,https://www.youtube.com/watch?v=hwQvpDxgGh4
Conversion Rate Optimization,https://www.youtube.com/watch?v=UFb1iPJ3MtU
Customer Feedback Analysis,https://www.youtube.com/watch?v=Pch0T3J_MlM
Remix Analyzer,https://www.youtube.com/watch?v=0frxvI-r5oU
Software Tools & Utilities,https://www.youtube.com/playlist?list=PLxRY8xQDCBXRZ75cA-rzUr4N_kOAHcCeo
Visual Studio Code,https://www.youtube.com/watch?v=B-s71n0dHUk
IntelliJ IDEA,https://www.youtube.com/watch?v=mtc-xQahqSs&pp=0gcJCdgAo7VqN5tD
Eclipse,https://www.youtube.com/watch?v=HmF3yQ_nj5Q
Android Studio,https://www.youtube.com/watch?v=saKrGCWlJDs
Xcode,https://www.youtube.com/watch?v=8Xcq4yRQ0pU
NetBeans,https://www.youtube.com/watch?v=VCMaYRl6ufM
Sublime Text,https://www.youtube.com/watch?v=SVkR1ZkNusI&pp=0gcJCdgAo7VqN5tD
Notepad++,https://www.youtube.com/watch?v=DYGLufT3fVI
Atom,https://www.youtube.com/watch?v=8f1Nq2MwQFY
Postman,https://www.youtube.com/watch?v=wEOLZq-7DYs
Swagger,https://www.youtube.com/watch?v=4sR77vaEhy8&pp=0gcJCdgAo7VqN5tD
Jupyter Notebook,https://www.youtube.com/watch?v=HW29067qVWk&pp=0gcJCdgAo7VqN5tD
Anaconda,https://www.youtube.com/watch?v=MUZtVEDKXsk&pp=0gcJCdgAo7VqN5tD
Docker,https://www.youtube.com/watch?v=b0HMimUb4f0&pp=0gcJCdgAo7VqN5tD
Kubernetes,https://www.youtube.com/watch?v=X48VuDVv0do&t=0s
Vagrant,https://www.youtube.com/watch?v=a6W1hF9CgDQ
VirtualBox,https://www.youtube.com/watch?v=nvdnQX9UkMY
VMware,https://www.youtube.com/watch?v=7m3f-P-WWbg&pp=0gcJCdgAo7VqN5tD
Git,https://www.youtube.com/watch?v=zTjRZNkhiEU
GitHub CLI,https://www.youtube.com/watch?v=tm9gdHd9qmE&t=656s
GitKraken,https://www.youtube.com/watch?v=zd2Y5zumBWo
Sourcetree,https://www.youtube.com/watch?v=xuq9FKNotQw&pp=0gcJCdgAo7VqN5tD
Jenkins,https://www.youtube.com/watch?v=6YZvp2GwT0A
Travis CI,https://www.youtube.com/watch?v=xLWDOLhTH38
CircleCI,https://www.youtube.com/watch?v=_XaYv9zvHUk
Selenium,https://www.youtube.com/watch?v=9p6NNapsUvQ
Cypress,https://www.youtube.com/watch?v=oJV5whmzfZI&pp=ygUWI3dpbmRvd3MxMWZvcmJlZ2lubmVycw%3D%3D
Confluence,https://www.youtube.com/watch?v=5p3QzaS33GA&pp=ygUMI2ppcmFwcmljaW5n
Bitbucket Pipelines,https://www.youtube.com/watch?v=wJv3ZGwxQPQ
Nagios,https://www.youtube.com/watch?v=-4YXip-drgA&pp=ygUTI25hZ2lvc2ZvcmJlZ2lubmVycw%3D%3D
Ansible,https://www.youtube.com/watch?v=GROqwFFLl3s
Puppet,https://www.youtube.com/watch?v=54YroFGrbPQ
Chef,https://www.youtube.com/watch?v=zhMmCQ9y0OU
Zabbix,https://www.youtube.com/watch?v=1HOcXewA8co
Splunk,https://www.youtube.com/watch?v=5U8FSgc47Js&pp=0gcJCdgAo7VqN5tD
ELK Stack,https://www.youtube.com/watch?v=wy24XVEYk_Y
Prometheus,https://www.youtube.com/watch?v=OxZmn4svOyA
Grafana,https://www.youtube.com/watch?v=yNRnLyVntUw
New Relic,https://www.youtube.com/playlist?list=PLmhYj7Jl81JHCWLfTfT5Fv1JDLjrQ5nH_
Datadog,https://www.youtube.com/watch?v=Js06FTU3nXo
Azure DevOps,https://www.youtube.com/watch?v=DoWhZO7nbCY
AWS CodePipeline,https://www.youtube.com/watch?v=E-YanBx38Cs&pp=0gcJCdgAo7VqN5tD
Google Cloud Build,https://www.youtube.com/watch?v=0mfng-vih_I
Firebase,https://www.youtube.com/watch?v=9kRgVxULbag&pp=0gcJCdgAo7VqN5tD
Fastlane,https://www.youtube.com/watch?v=oi5jg_-wmig
Unity,https://www.youtube.com/watch?v=XtQMytORBmM
Unreal Engine,https://www.youtube.com/watch?v=k-zMkzmduqI
Blender,https://www.youtube.com/watch?v=B0J27sf9N1Y
Figma Plugins,https://www.youtube.com/watch?v=4G9RHt2OyuY
Chrome DevTools,https://www.youtube.com/watch?v=fxplz32rgEQ
BrowserStack,https://www.youtube.com/watch?v=lO1qS2mctN0
LambdaTest,https://www.youtube.com/watch?v=86LQsMtBs5k&pp=0gcJCdgAo7VqN5tD
Nginx,https://www.youtube.com/watch?v=9t9Mp0BGnyI&pp=0gcJCdgAo7VqN5tD
Apache HTTP Server,https://www.youtube.com/watch?v=1CDxpAzvLKY
IIS Server,https://www.youtube.com/watch?v=bghDhNMRzgw
cPanel,https://www.youtube.com/watch?v=ITK2g_KV_JY
Plesk,https://www.youtube.com/watch?v=0zEveXGRsF4
FileZilla,https://www.youtube.com/watch?v=adxmlHDim6c&pp=0gcJCdgAo7VqN5tD
WinSCP,https://www.youtube.com/watch?v=xW0BQIaz7Ic&pp=0gcJCdgAo7VqN5tD
Wireshark,https://www.youtube.com/watch?v=qTaOZrDnMzQ
Burp Suite,https://www.youtube.com/watch?v=G3hpAeoZ4ek
Metasploit,https://www.youtube.com/watch?v=Keld6Wi8aZ4
Kali Linux,https://www.youtube.com/watch?v=lZAoFs75_cs
Nmap,https://www.youtube.com/watch?v=wR0bh5Z1oa0
OpenVAS,https://www.youtube.com/watch?v=LGh2SetiKaY&pp=ygUVI3Z1bG5lcmFiaWxpdHlzY2Fubmln
Snort,https://www.youtube.com/watch?v=z1hX2PT3Cac
Aircrack-ng,https://www.youtube.com/watch?v=NlOZpQHw2DM
Hashcat,https://m.youtube.com/watch?v=EfqJCKWtGiU&t=0s
John the Ripper,https://www.youtube.com/watch?v=tJRz9j2REb4&pp=0gcJCdgAo7VqN5tD
OWASP ZAP,https://www.youtube.com/watch?v=WGSGGgMd9Fo
Nikto,https://www.youtube.com/watch?v=UIka9WFuzzY&pp=0gcJCdgAo7VqN5tD
Shodan,https://www.youtube.com/watch?v=C_S7rpFKZxY&pp=0gcJCdgAo7VqN5tD
VirusTotal,https://www.youtube.com/watch?v=b67h3U4OeAI
Sysinternals Suite,https://www.youtube.com/watch?v=6RqFPrCcWfY
Process Explorer,https://www.youtube.com/watch?v=ZqZvzA4OGDA
Regedit,https://www.youtube.com/watch?v=0eEzKOdaL-A
Command Prompt,https://www.youtube.com/watch?v=MBBWVgE0ewk
Bash,https://www.youtube.com/watch?v=tK9Oc6AEnR4&pp=0gcJCdgAo7VqN5tD
Zsh,https://www.youtube.com/watch?v=EZDX3C7NmFo
PowerShell,https://www.youtube.com/watch?v=ZOoCaWyifmI
Terminus,https://www.youtube.com/watch?v=tI9dwinLua0
Cmder,https://www.youtube.com/watch?v=Xm790AkFeK4
Windows Terminal,https://www.youtube.com/watch?v=JvHHgnOqW4w
Hyper,https://www.youtube.com/playlist?list=PLD9xos4mnoHSIDnJjGmhRrxRmHGS8nF91
iTerm2,https://www.youtube.com/watch?v=x71E30VtEwM
Conda,https://www.youtube.com/watch?v=sDCtY9Z1bqE&pp=ygUJI3ZhcmNvbmRh
pip,https://www.youtube.com/watch?v=eDe-z2Qy9x4
Homebrew,https://www.youtube.com/watch?v=SELYgZvAZbU&t=0s
Chocolatey,https://www.youtube.com/watch?v=2VRK2RQ3-Ao
Yarn,https://www.youtube.com/watch?v=GcOzdAzmtNM
npm,https://www.youtube.com/watch?v=UYz-9UaUp2E
pnpm,https://www.youtube.com/watch?v=MvbReZDSKHI&pp=0gcJCfcAhR29_xXO
Composer,https://www.youtube.com/watch?v=FNa5heI6BD8
Gradle,https://www.youtube.com/watch?v=gKPMKRnnbXU
Maven,https://www.youtube.com/watch?v=Xatr8AZLOsE&pp=0gcJCdgAo7VqN5tD
Ant,https://www.youtube.com/watch?v=Ig4-orS6Yfg
Make,https://www.youtube.com/watch?v=JSA2oezQWOU
CMake,https://www.youtube.com/watch?v=A735Y4kMIPM
WebPack,https://www.youtube.com/watch?v=IZGNcSuwBZs
Parcel,https://www.youtube.com/watch?v=D3EZ9dvjuHI
Rollup,https://www.youtube.com/watch?v=IdxAJaKwuxQ
Vite,https://www.youtube.com/watch?v=M1GS1SaxAiY&pp=0gcJCfcAhR29_xXO
Babel,https://www.youtube.com/watch?v=tn63LjUJp8w
ESLint,https://www.youtube.com/watch?v=eieTlMwCwWU
Prettier,https://www.youtube.com/watch?v=DqfQ4DPnRqI
Stylelint,https://www.youtube.com/watch?v=8RQfhZgmDu4
Husky,https://www.youtube.com/watch?v=bL5GaBjKAAw
Lint-staged,https://www.youtube.com/watch?v=bL5GaBjKAAw
Truffle,https://www.youtube.com/watch?v=62f757RVEvU
Hardhat,https://www.youtube.com/watch?v=dgdTyTl2Z18
Ganache,https://www.youtube.com/watch?v=qSMYGrUdW30&pp=ygUJI215Y29rbGF0
MetaMask,https://www.youtube.com/watch?v=Af_lQ1zUnoM
Remix IDE,https://www.youtube.com/watch?v=qXPjX8JS708&pp=0gcJCdgAo7VqN5tD
OpenZeppelin,https://www.youtube.com/playlist?list=PLbbtODcOYIoFdQ37ydykQNO-MNGER6mtd
Solidity,https://www.youtube.com/watch?v=aGonv5DP910
Web3.js,https://www.youtube.com/watch?v=BQ_bDH91S4k
Ethers.js,https://www.youtube.com/watch?v=yk7nVp5HTCk
Infura,https://www.youtube.com/watch?v=RpjbiDlwPEs
Alchemy,https://www.youtube.com/watch?v=aZACH6pDy6w
Moralis,https://www.youtube.com/channel/UCgWS9Q3P5AxCWyQLT2kQhBw
Chainlink,https://www.youtube.com/watch?v=9uUk9neDqcM
IPFS,https://www.youtube.com/watch?v=KIEq2FyMczs
Filecoin,https://www.youtube.com/watch?v=7NUQlY7b4Mk
Polygon,https://www.youtube.com/watch?v=CvNn9JH8KHI
Binance Smart Chain,https://www.youtube.com/watch?v=kE-atXHNeV8&pp=ygULI3RydXN0Y2hhaW4%3D
Ethereum,https://www.youtube.com/playlist?list=PL6gx4Cwl9DGBrtymuJUiv9Lq5CAYpN8Gl
Solana,https://www.youtube.com/watch?v=vUHF1X48zM4
Nearpod,https://www.youtube.com/watch?v=XVmkS4nGq5E
Polkadot,https://www.youtube.com/@PolkadotNetwork/playlists
Cosmos,https://www.youtube.com/watch?v=tAHLnL0o4sQ
Tezos,https://www.youtube.com/watch?v=RlwfeYEZyjQ
Cardano,https://www.youtube.com/learncardano
Hyperledger Fabric,https://www.youtube.com/watch?v=85XgeOJHky0
Corda,https://www.youtube.com/playlist?list=PLsyeobzWxl7pGh8x5C2hsu3My4ei-eX1Y
Quorum,https://www.youtube.com/watch?v=qFIvDBqTSM0
Smart Contracts,https://www.youtube.com/watch?v=s9MVkHKV2Vw
DApps,https://www.youtube.com/watch?v=EpVnqGx0jEs
DeFi,https://www.youtube.com/playlist?list=PLNzMl-Xdbc4Z6C-BEEvvzTACtPGpc9Mdd
NFTs,https://www.youtube.com/@NFTsSimplified
DAOs,https://www.youtube.com/watch?v=wKhvzCz07vw&pp=ygULI2NvZGVqdW5raWU%3D
"Token Standards (ERC20, ERC721, ERC1155)",https://www.youtube.com/watch?v=prDcrfOYNCs
Gas Optimization,https://www.youtube.com/watch?v=UZjFYffjOj0
Wallet Integration,https://www.youtube.com/watch?v=6_gK5KvlmGg
Security Audits,https://www.youtube.com/watch?v=bnR2uOzEDcA
Pen Testing Smart Contracts,https://www.youtube.com/watch?v=BZXv3kUygNU
Bug Bounties,https://www.youtube.com/watch?v=G89LTJRQC0M
Tokenomics,https://www.youtube.com/watch?v=BgX68uyHfg8
IDO/ICO,https://www.youtube.com/watch?v=CW_0Ox8yFVQ&t=40s
Blockchain Consensus Mechanisms,https://www.youtube.com/watch?v=sXP-8pD7PG4
Proof of Work,https://www.youtube.com/watch?v=uWBT4G9Gr5k
Proof of Stake,https://www.youtube.com/watch?v=YudpU58uYuM
Proof of Authority,https://www.youtube.com/watch?v=zYaMxWXwPl8
Delegated Proof of Stake,https://www.youtube.com/watch?v=pzvUvbzt1hk
Byzantine Fault Tolerance,https://www.youtube.com/watch?v=VWG9xcwjxUg
Sharding,https://www.youtube.com/watch?v=JDLgw8Po9QY
Layer 1 Solutions,https://www.youtube.com/watch?v=eGGNZRFlgMQ
Layer 2 Solutions,https://www.youtube.com/watch?v=Lid1TP9TvFs
Rollups,https://www.youtube.com/watch?v=CkyeOjemKNQ
ZK-SNARKs,https://www.youtube.com/watch?v=_MYpZQVZdiM&pp=0gcJCdgAo7VqN5tD
zkRollups,https://www.youtube.com/watch?v=wvbaw2OFYVk
Optimistic Rollups,https://www.youtube.com/watch?v=aM_zefShX3c
Sidechains,https://www.youtube.com/watch?v=r8BWhS8gwio
Cross-chain Bridges,https://www.youtube.com/watch?v=HZcTLxzbm7Y
Oracles,https://www.youtube.com/watch?v=ObbNGhcxXJA
Flash Loans,https://www.youtube.com/watch?v=PtMs8FZJhkU
Yield Farming,https://www.youtube.com/watch?v=JdIuR1D6Dto
Staking,https://www.youtube.com/watch?v=5UbiGmGOvTU
Liquidity Pools,https://www.youtube.com/watch?v=tF0LpxLX7M4
Governance Tokens,https://www.youtube.com/watch?v=gJVOdJFQuK8
Airdrops,https://www.youtube.com/watch?v=NUL8yBEMjPY
Blockchain Governance,https://www.youtube.com/watch?v=YBM9y_mHANc
Regulatory Compliance,https://www.youtube.com/watch?v=M_hLYKYFS5w
KYC/AML,https://www.youtube.com/watch?v=PrWXxHbACSM
Digital Identity,https://www.youtube.com/playlist?list=PLKxadcuDrRG2vMxi0MxbsR0mcrxqUIWrL
Zero Knowledge Proofs,https://www.youtube.com/watch?v=_MYpZQVZdiM&pp=0gcJCdgAo7VqN5tD
Homomorphic Encryption,https://www.youtube.com/watch?v=lNw6d05RW6E
Trusted Execution Environments (TEE),https://www.youtube.com/watch?v=qMb5pJ_HV6k
Decentralized Identity (DID),https://www.youtube.com/watch?v=t8lMCmjPKq4
Self-Sovereign Identity,https://www.youtube.com/watch?v=Y8pc9ZooP-Q&pp=ygUJI3R5cm9uc3Np
Verifiable Credentials,https://www.youtube.com/watch?v=BxLSSH_EHjo
Credential Wallets,https://www.youtube.com/watch?v=XQig1gKjeBk
Token Gating,https://www.youtube.com/watch?v=X0s3bLoSbkI
Decentralized Storage,https://www.youtube.com/watch?v=B4MmcqsTwd4
Smart Contract Languages,https://www.youtube.com/watch?v=zUDwXTYV0c0
Solidity,https://www.youtube.com/watch?v=aGonv5DP910
Vyper,https://www.youtube.com/watch?v=yD-lbfB3Mxg
Rust (Solana),https://www.youtube.com/watch?v=ST9qx89_pKo
"Move (Aptos, Sui)",https://www.youtube.com/watch?v=giUgccl02-4
Cairo (StarkNet),https://www.youtube.com/watch?v=Z9guya4W4iw
Ink! (Polkadot),https://www.youtube.com/watch?v=7ppm0fK8tHg
Clarity (Stacks),https://www.youtube.com/watch?v=Z9JQU_sOQLQ
Yul,https://www.youtube.com/watch?v=JQ-uSq-HhSU
LLVM,https://www.youtube.com/watch?v=Lvc8qx8ukOI
Formal Verification,https://www.youtube.com/watch?v=9e7F1XhjhKw
SLITHER,https://www.youtube.com/watch?v=ctBuwXmogVM
Mythril,https://www.youtube.com/watch?v=exCZtmjkHF8
Manticore,https://www.youtube.com/watch?v=pckWOwS1Tpg
Echidna,https://www.youtube.com/watch?v=yUC3qzZlCkY
Tenderly,https://www.youtube.com/watch?v=vE1ZHuf73u0
Foundry,https://www.youtube.com/watch?v=o5d_qb8zIL0
Hardhat,https://www.youtube.com/watch?v=dgdTyTl2Z18
Ganache,https://www.youtube.com/watch?v=qSMYGrUdW30&pp=ygUJI215Y29rbGF0
Infura,https://www.youtube.com/watch?v=RpjbiDlwPEs
Alchemy,https://www.youtube.com/watch?v=aZACH6pDy6w
Moralis,https://www.youtube.com/channel/UCgWS9Q3P5AxCWyQLT2kQhBw
Pinata,https://www.youtube.com/watch?v=20JjvvDoEyk
Ceramic,https://www.youtube.com/watch?v=OVtjG6DawxE
Lit Protocol,https://www.youtube.com/watch?v=llydcD-0E5c
Torus,https://www.youtube.com/watch?v=9PDe_o1XEsE&pp=0gcJCdgAo7VqN5tD
WalletConnect,https://www.youtube.com/watch?v=Iw6svFvBo1o
RainbowKit,https://www.youtube.com/watch?v=Q5dv7qv08Fw
Wagmi,https://www.youtube.com/watch?v=Bn6lhw27pzU
Etherspot,https://www.youtube.com/watch?v=KlvDSha9UhM
Thirdweb,https://www.youtube.com/watch?v=gpW3CzpGhGo
ChainSafe,https://www.youtube.com/watch?v=FzaQnx4hcjI
Gnosis Safe,https://www.youtube.com/watch?v=GHyxe32Z814
Zapper,https://www.youtube.com/watch?v=Hacnlhz6tVA
Zerion,https://www.youtube.com/watch?v=RNtG21yshdc
Dune Analytics,https://www.youtube.com/playlist?list=PLK3b5d4iK10ext4v-GBySekaA8-GP8quD
Nansen,https://www.youtube.com/watch?v=u6nQRJcaeIc
Glassnode,https://www.youtube.com/watch?v=q_5tCa8GiTs
The Graph,https://www.youtube.com/c/GraphProtocol
Subgraph,https://www.youtube.com/watch?v=nGIFuC69bSA
QuickNode,https://www.youtube.com/watch?v=8Yde99hghzM
Ankr,https://www.youtube.com/channel/UCErrNjCg6raOsq5MQ9fpIig
Web3Modal,https://www.youtube.com/watch?v=rFNh3APd2wQ
IPFS Desktop,https://www.youtube.com/watch?v=VGbbgYDVneQ
OrbitDB,https://www.youtube.com/watch?v=O7fxxp_q0es
Textile,https://www.youtube.com/c/TextilesTutorials/playlists
ArDrive,https://www.youtube.com/watch?v=15vJLn0P6z8
Bundlr,https://www.youtube.com/watch?v=_budvIB1tGs
Livepeer,https://www.youtube.com/playlist?list=PLdr3cicGWaGHoU7WbMj1bLBqFfs7uCtC1
Audius,https://www.youtube.com/watch?v=ibe2SfeTabY
Lens Protocol,https://www.youtube.com/watch?v=hZ2NUWf6cEk
Farcaster,https://www.youtube.com/watch?v=wUt5NjXHSO4
Mirror,https://www.youtube.com/watch?v=yD4cJx-bpVQ
Push Protocol,https://www.youtube.com/watch?v=GZiwxWTCDeA
XMTP,https://www.youtube.com/watch?v=IYgBf0HCv_I
Biconomy,https://www.youtube.com/playlist?list=PLsRopVtRhrqAWvUHxZmZwkS2ksV9p_jKr
Pocket Network,https://www.youtube.com/watch?v=jypP--OelFg
Chainstack,https://www.youtube.com/watch?v=OPvJxLdaP2E
Blockdaemon,https://www.youtube.com/watch?v=aYDlMbnIxd8
Truffle Boxes,https://www.youtube.com/watch?v=0OAsyUheKOo
Web3.py,https://www.youtube.com/watch?v=tE-8bG35VNw
Eth-brownie,https://www.youtube.com/watch?v=nkvIFE2QVp0
Solidity Coverage,https://www.youtube.com/watch?v=SwF8qsUzZPE
Waffle,https://www.youtube.com/watch?v=iR64hfkGQeU
Chai,https://www.youtube.com/watch?v=6HJ0LdFOd9M
Mocha,https://www.youtube.com/watch?v=TF3XVBy6sD4&pp=ygUMI21vY2hhaXBob25l
OpenGSN,https://www.youtube.com/channel/UC1zr2CP0g3icSwtgguFc5VA
Defender by OpenZeppelin,https://www.youtube.com/watch?v=m_DXfjTulLI
Safe Apps,https://www.youtube.com/watch?v=QvPnlLBdd4s
Gelato,https://www.youtube.com/watch?v=G73MooQzzKA
Snapshot,https://www.youtube.com/watch?v=JURI1IGQRBw
Aragon,https://www.youtube.com/@Aragon-
Tally,https://www.youtube.com/watch?v=nySwxjRMXZU
Sismo,https://www.youtube.com/channel/UCgoXAm0A8B9yMFzYqKsjZCg
Ceramic IDX,https://www.youtube.com/watch?v=t9gWZYJxk7c
ENS (Ethereum Name Service),https://www.youtube.com/watch?v=azGutqtukwI
Unstoppable Domains,https://www.youtube.com/watch?v=BcxJBBTV6Vc
Radicle,https://www.youtube.com/watch?v=Y8pulFGOrMw
Gitcoin,https://www.youtube.com/watch?v=tKUXVz1xf9s
Superfluid,https://www.youtube.com/playlist?list=PLDbmvLe0WRAN4S1iJBeGwMeYm6EKrj0UR
Sablier,https://www.youtube.com/watch?v=ffgTAg-IPCA
Revoke.cash,https://www.youtube.com/watch?v=U2YkLVGZGwo
Etherscan,https://www.youtube.com/watch?v=nuZOZd0ZaKM
Polygonscan,https://www.youtube.com/watch?v=7CTAtfbt55E
Snowtrace,https://www.youtube.com/watch?v=dX1EDrGFo2M
Solscan,https://www.youtube.com/watch?v=QCsJbLGpY_A
Blockscout,https://www.youtube.com/watch?v=rqftsYWh87s
Tenderly,https://www.youtube.com/watch?v=vE1ZHuf73u0
Covalent,https://www.youtube.com/watch?v=MlgKp4FUV6I
Alchemy Notify,https://www.youtube.com/watch?v=YXnfpBPDQRU
Chainlink VRF,https://www.youtube.com/watch?v=AcDRNEKY1L0
Chainlink Keepers,https://www.youtube.com/watch?v=9uUk9neDqcM
Chainlink Functions,https://www.youtube.com/watch?v=I-g1aaZ3_x4
Ocean Protocol,https://www.youtube.com/@OceanProtocol
Swarm,https://www.youtube.com/watch?v=Cw0ME8OZ0xI&pp=0gcJCdgAo7VqN5tD
Storj,https://www.youtube.com/watch?v=GNN5Cf4COco
Filebase,https://www.youtube.com/watch?v=uuD2sbe-fQ8
Skynet,https://www.youtube.com/watch?v=2iKzkOhwacg
SkyDB,https://www.youtube.com/watch?v=lZ9y1yYZZIA
Handshake,https://www.youtube.com/watch?v=fiyfT_rZBnc
Namebase,https://www.youtube.com/watch?v=_PsHU2gAMEM
Fleek,https://www.youtube.com/watch?v=DmpXbmjnpec
Ankr RPC,https://www.youtube.com/watch?v=F0TuXN2-EZ8
QuickNode Dashboard,https://www.youtube.com/watch?v=ouHqmjlJEuk
Truffle Dashboard,https://www.youtube.com/watch?v=pblVFU0mytI
Infura IPFS,https://www.youtube.com/watch?v=RpjbiDlwPEs
IPNS,https://www.youtube.com/watch?v=ZRAStnf4AMA
Web3Auth,https://www.youtube.com/c/web3auth
Fortmatic,https://www.youtube.com/watch?v=tB1jJlf3Bi4
Portis,https://www.youtube.com/watch?v=G63uBJj4zyw
Torus Wallet,https://www.youtube.com/watch?v=x63AMYG5uGc
Magic.link,https://www.youtube.com/watch?v=1rIKoTr-DI8
Arcana Network,https://www.youtube.com/@ArcanaNetwork/videos
Blocto,https://www.youtube.com/watch?v=PDqt-_ZbD6o
Coinbase Wallet SDK,https://www.youtube.com/watch?v=IcN0MFkPvBk
MetaMask Snaps,https://www.youtube.com/watch?v=07Y6pe5PRXQ
MetaMask Flask,https://www.youtube.com/watch?v=W7UCikTTusU
Rainbow Wallet,https://www.youtube.com/watch?v=gJy4V9dttM8
Argent Wallet,https://www.youtube.com/watch?v=MzVkwaawD5g
Gnosis Safe Wallet,https://www.youtube.com/watch?v=GHyxe32Z814
Sequence Wallet,https://www.youtube.com/watch?v=ilk2OA7Of5c
Ledger,https://www.youtube.com/watch?v=nVOlO_24BCo
Trezor,https://www.youtube.com/watch?v=TQp-g9Ypchc&pp=ygUOI8ibZWFwxINjcnlwdG8%3D
Keystone,https://www.youtube.com/watch?v=Wz2jurph4Kk&pp=0gcJCfcAhR29_xXO
GridPlus,https://www.youtube.com/@GridPlus
Hardware Wallet Integration,https://www.youtube.com/watch?v=uI2NpkiUKsQ
Open Wallet Protocol,https://www.youtube.com/watch?v=VRyt9ij7g2Y
Moralis API,https://www.youtube.com/watch?v=efXL6bxGXY8
EIP-1559,https://www.youtube.com/watch?v=y_jtKX1RLU0
EIP-712,https://www.youtube.com/watch?v=jvnjz3-4znw&pp=ygUGI2VpcGls
ERC-20,https://www.youtube.com/watch?v=88-hpZE4OU8
ERC-721,https://www.youtube.com/watch?v=GwFQg8ROZfo
ERC-777,https://www.youtube.com/watch?v=_rNKI3prsX0
ERC-4337,https://www.youtube.com/watch?v=xmz7c7rl9cM&pp=ygUGIzg0MzM3
Account Abstraction,https://www.youtube.com/watch?v=mmzkPz71QJs
Gasless Transactions,https://www.youtube.com/watch?v=4czUCGqa4IM
Session Keys,https://www.youtube.com/watch?v=QggYgTAnq8s
Multisig Wallets,https://www.youtube.com/watch?v=hO3D6J-6qQ0
LayerZero,https://www.youtube.com/watch?v=Is3a8_KcPb4
Axelar,https://www.youtube.com/playlist?list=PLh_q0hSKS_y23UECn5GJML0BDhJDDiiiL
Wormhole,https://www.youtube.com/watch?v=TSjd6B0H_6Q
Synapse,https://www.youtube.com/watch?v=vDVcXXfc9e8
Connext,https://www.youtube.com/watch?v=76lqc1CRMRU
Hop Protocol,https://www.youtube.com/watch?v=EK3Xr_9WneY
Stargate,https://www.youtube.com/watch?v=SuI53wtWOZ8
Router Protocol,https://www.youtube.com/watch?v=at0jBPXbFqE&pp=ygUKI2Vucm91dGluZw%3D%3D
Celer,https://www.youtube.com/watch?v=BvrG-occaWI
Polygon zkEVM,https://www.youtube.com/watch?v=pkvgS26VR8E
Scroll,https://www.youtube.com/watch?v=5hbqZOL5rYw
StarkNet,https://www.youtube.com/watch?v=yk6lQM5TiVY
zkSync,https://www.youtube.com/watch?v=gumsrrXtIsA
Optimism,https://www.youtube.com/watch?v=wa4iSGQ3mkI
Arbitrum,https://www.youtube.com/watch?v=0hpPTKDb-b0
Base,https://www.youtube.com/playlist?list=PLPzEE5VVmha5pBJLlMD-C9JBuUGVNNo9l
Linea,https://www.youtube.com/c/lineasketch
Mantle,https://www.youtube.com/watch?v=Y07_RZMV-VM
Immutable X,https://www.youtube.com/watch?v=NUvHWbORNVM
Loopring,https://www.youtube.com/watch?v=XCMWDfwUINA
DeGate,https://www.youtube.com/watch?v=l3iJKtHjpfo
Boba Network,https://www.youtube.com/watch?v=kMorVqaECo8
Metis,https://www.youtube.com/watch?v=EIANYeKBO9o&pp=0gcJCdgAo7VqN5tD
Fuel,https://www.youtube.com/watch?v=IR5DbpUWeQI
Taiko,https://www.youtube.com/watch?v=-Qsa5JWs8f4
Aztec,https://www.youtube.com/watch?v=J81fxw90wTw
Zcash,https://www.youtube.com/playlist?list=PL40dyJ0UYTLKyRbrz0sVLSWUh6bdVsQE1
Tornado Cash,https://www.youtube.com/watch?v=P5dCgm1bmTM
Railgun,https://www.youtube.com/watch?v=fKEaDhDTciQ
Noir,https://www.youtube.com/watch?v=ym9YsqaDxZA
Semaphore,https://www.youtube.com/watch?v=ukM_zzrIeXs
SnarkJS,https://www.youtube.com/watch?v=2BHdTjpYmFg
Circom,https://www.youtube.com/watch?v=CgtNEALhJ3s
Zokrates,https://www.youtube.com/watch?v=_ZvGZxhCFfE
Risc Zero,https://www.youtube.com/watch?v=Z4JNXiIs-E0
Leo by Aleo,https://www.youtube.com/watch?v=nIlPcBEp3vY
Mina Protocol,https://www.youtube.com/playlist?list=PLItixFkgfjYEbg2w1KJYAW4eT-cCvd2eO
Kusama,https://www.youtube.com/watch?v=IG_8vNTAXbY
Sui,https://www.youtube.com/playlist?list=PLvrJ-5wsCykchZnZBIxj1NB_gwZqkfpLz
Aptos,https://www.youtube.com/watch?v=giUgccl02-4
Celestia,https://www.youtube.com/watch?v=qfTGtramV9A
EigenLayer,https://www.youtube.com/watch?v=gchyoHimjPw
Avail,https://www.youtube.com/channel/UC4DQLbxKjV2r9xhMtLIDAqQ
Rollkit,https://www.youtube.com/watch?v=SG8ReeNlGaA
Modular Blockchains,https://www.youtube.com/watch?v=-6BBIr-DmI4
Data Availability Layers,https://www.youtube.com/watch?v=WPYrxqKCxwE
Blobstream,https://www.youtube.com/watch?v=syESn7Kg8qA
Liquid Staking,https://www.youtube.com/watch?v=7srvON0oDbY
Lido,https://www.youtube.com/watch?v=5zCCRx6IudY
Rocket Pool,https://www.youtube.com/watch?v=xaI3gs1BP5Q
Stader,https://www.youtube.com/watch?v=2j31rUT1ppM
Frax ETH,https://www.youtube.com/watch?v=cM1s-PhwawE
Pendle,https://www.youtube.com/watch?v=zlPF3txlNps
EigenDA,https://www.youtube.com/watch?v=FJjL6P5NeHY
Interchain Security,https://www.youtube.com/watch?v=4JdVadwTHKs
Shared Security,https://www.youtube.com/watch?v=WopTpel6DUY
Cosmos SDK,https://www.youtube.com/watch?v=Pr698TNMSXo
IBC,https://www.youtube.com/watch?v=VXYVRfO9mWk
Tendermint,https://www.youtube.com/watch?v=pVMFMiZGunw
Osmosis,https://www.youtube.com/watch?v=BDDqY7IZhxQ
Juno,https://www.youtube.com/watch?v=NC0MkcN71T8
Evmos,https://www.youtube.com/watch?v=wwoJfHn-oVE
Terra,https://www.youtube.com/watch?v=ag6Ehk8lzvc
Sei Network,https://www.youtube.com/watch?v=XHk5mcoHZOo
Injective,https://www.youtube.com/watch?v=rKSsdlK0EMI
Neutron,https://www.youtube.com/watch?v=D_KB8dnPnwU
Stride,https://www.youtube.com/watch?v=Z2kUQhSmdr0
Quasar,https://www.youtube.com/watch?v=C-v262YhYvw&pp=0gcJCdgAo7VqN5tD
Composable Finance,https://www.youtube.com/watch?v=p_3A3uh42yQ
Moonbeam,https://www.youtube.com/watch?v=2pO6YDe38Fc
Moonriver,https://www.youtube.com/watch?v=cKOBde2_Zj0
Astar,https://www.youtube.com/watch?v=i0x5fj4PqP4&pp=ygUPI3N0YXJjbHVzdGVyaW5n
Shiden,https://www.youtube.com/watch?v=kPG66pviKRE&pp=ygULI3NoaWRlbjJwcm8%3D
Acala,https://www.youtube.com/c/AcalaNetwork/videos
Karura,https://www.youtube.com/watch?v=FcL8JAzm1_s&pp=ygUKI2thcnVyYW1haQ%3D%3D
Phala Network,https://www.youtube.com/@PhalaNetwork
Bifrost,https://www.youtube.com/watch?v=mdty5cYONpY
Centrifuge,https://www.youtube.com/watch?v=THkhODsTjxY
Substrate,https://www.youtube.com/watch?v=o5ANk0sRxEY
Ink Smart Contracts,https://www.youtube.com/watch?v=_J6BsbOaedw
Polkadot Parachains,https://www.youtube.com/watch?v=gT-9r1bcVHY
Relay Chains,https://www.youtube.com/watch?v=KFHRyK7gnqM
XCM,https://www.youtube.com/user/narwhal60
XCM V3,https://www.youtube.com/watch?v=eW2819rP9Tw
Multichain Messaging,https://www.youtube.com/watch?v=M6JfvY4-APE
Cross Chain Transfer Protocol,https://www.youtube.com/watch?v=8Km7H48keNw
IBC Relayers,https://www.youtube.com/watch?v=816PP8oXv0Q
Light Clients,https://www.youtube.com/watch?v=apoVZI5U2i8
zkLightClients,https://www.youtube.com/channel/UCm4R3LIk_DuPfoykmWfZRrQ/videos
Merkle Trees,https://www.youtube.com/watch?v=6BpArf2-R68
Patricia Merkle Trie,https://www.youtube.com/watch?v=QlawpoK4g5A
Verkle Trees,https://www.youtube.com/watch?v=na_omeubyYo
Stateless Clients,https://www.youtube.com/watch?v=UQ2cfQV5nJ4&pp=0gcJCdgAo7VqN5tD
Ethereum Light Node,https://www.youtube.com/watch?v=3H-KmO7Ce4I
Go Ethereum (geth),https://www.youtube.com/watch?v=0AQ7eQ-99jk
Nethermind,https://www.youtube.com/watch?v=KJTG-fKy8A4
Besu,https://www.youtube.com/watch?v=Dl-PV55OnA0
Nimbus,https://www.youtube.com/playlist?list=PLf1vtvmdXKhVqh4rqvdkDiFddZExsJWJB
Lighthouse,https://www.youtube.com/watch?v=kVZSvWSc2u8
Prysm,https://www.youtube.com/watch?v=tM5qmGFBETM
Teku,https://www.youtube.com/@TekuFlat
Lodestar,https://www.youtube.com/watch?v=jWPowWdliR0
Ethereum Beacon Chain,https://www.youtube.com/watch?v=NJi40EICWp0
Validator Node,https://www.youtube.com/watch?v=F0Y0t_WVe9k
Slashing,https://www.youtube.com/watch?v=UfV0rRgPMQg
MEV (Miner Extractable Value),https://www.youtube.com/watch?v=hVWLOdruHhw
MEV Boost,https://www.youtube.com/watch?v=MwOPYBKuZjM
Flashbots,https://www.youtube.com/watch?v=gme0uNyIIsE
Eden Network,https://www.youtube.com/watch?v=SdqixTNAtEw
CowSwap,https://www.youtube.com/watch?v=LWuRc87Zb_o
Block Building,https://www.youtube.com/watch?v=EVxOn0QVVoE
Proposer Builder Separation (PBS),https://www.youtube.com/watch?v=bXxmvo0qpis
Danksharding,https://www.youtube.com/watch?v=6k7Th87AwFI
Proto-Danksharding,https://www.youtube.com/watch?v=6k7Th87AwFI
EIP-4844,https://www.youtube.com/watch?v=Ad4n56cfVGQ
Blobs,https://www.youtube.com/watch?v=0CwKWPHp-Gg
Blobspace,https://www.youtube.com/watch?v=gzcw1mKa8hw
Data Availability Sampling,https://www.youtube.com/watch?v=fU_u7aWIPTA
DA Layer Solutions,https://www.youtube.com/watch?v=1x0uJzMd1Pg
Celestia Node,https://www.youtube.com/watch?v=WFubhQc8tGk
EigenDA Operator,https://www.youtube.com/watch?v=J4O0trJWl3E
Near DA,https://www.youtube.com/channel/UCuKdIYVN8iE3fv8alyk1aMw
Avail Explorer,https://www.youtube.com/watch?v=XbID_av1nF4
L2 Sequencer,https://www.youtube.com/watch?v=UmvxGOLEMLc
Decentralized Sequencer,https://www.youtube.com/watch?v=UmvxGOLEMLc
Single Slot Finality,https://www.youtube.com/watch?v=lNRyJ4dGdso
Execution Layer,https://www.youtube.com/watch?v=N90-qDkUPAo
Consensus Layer,https://www.youtube.com/watch?v=V7lx78ox6dI
Ethereum Roadmap,https://www.youtube.com/watch?v=jqVaycBINdc
The Surge,https://www.youtube.com/watch?v=s0uUBeiDJDI
The Verge,https://www.youtube.com/watch?v=QKzmYsySGFQ
The Purge,https://www.youtube.com/watch?v=y0A9YF_OlJc
The Splurge,https://www.youtube.com/watch?v=K_xheUvtBAI
Dankrad’s Proposals,https://www.youtube.com/watch?v=TIqSYSHpOXw
Vitalik’s Blog,https://www.youtube.com/watch?v=Z6fct2kCzAs
Ethereum Magicians,https://www.youtube.com/watch?v=ukqmQz0bzYc
EthGlobal,https://www.youtube.com/watch?v=ltBRRsLZvjM
ETHDenver,https://www.youtube.com/watch?v=q6kK77Y73ds
Devcon,https://www.youtube.com/watch?v=iTkvfJ-Wpf0&pp=0gcJCdgAo7VqN5tD
HackFS,https://www.youtube.com/watch?v=ED9uDllxLnI
HackMoney,https://www.youtube.com/watch?v=3FNYvj2U0HM&pp=ygUGI3RjbWdv
Chainlink Hackathon,https://www.youtube.com/watch?v=1fvWmAcXagg
Buildspace,https://www.youtube.com/watch?v=XIbINFoUojo
Alchemy University,https://www.youtube.com/watch?v=0VxGNzt8U2U
Moralis Academy,https://www.youtube.com/channel/UCT2E5faQg9DY-HAyKmVEE_Q
Capture the Ether,https://www.youtube.com/watch?v=QSaLjAbceXM
CTF Challenges,https://www.youtube.com/watch?v=IxLzldAANNg&pp=0gcJCdgAo7VqN5tD
Smart Contract Puzzles,https://www.youtube.com/watch?v=80U0FcOkbWM
Solidity Patterns,https://www.youtube.com/watch?v=FnE9tpcMY88
Security Pitfalls,https://www.youtube.com/watch?v=yp1OMa-6_00
Reentrancy,https://www.youtube.com/watch?v=3T1t2ginfTg
Unchecked Math,https://www.youtube.com/watch?v=zIyPw0LSCg4
Front-running,https://www.youtube.com/watch?v=7yYNBYn2b8U
Phishing,https://www.youtube.com/watch?v=XBkzBrXlle0&pp=ygUJI3BoaXNoZXJz
Scams,https://www.youtube.com/watch?v=5O_JWJEAYIM
Rug Pulls,https://www.youtube.com/watch?v=QFKBBs5yHL4
Pump and Dump,https://www.youtube.com/playlist?list=PLHcK1aav-jMZ5DCcVnMTqp5x0hINmjf2W
Sybil Attacks,https://www.youtube.com/watch?v=CDoE-QaCmJY
Replay Attacks,https://www.youtube.com/watch?v=XiZiFGO-W1Q
51 Percent Attack,https://www.youtube.com/watch?v=Y4gDlsuSZT8
Flash Loan Attack,https://www.youtube.com/watch?v=7db31q6G60o
Oracle Manipulation,https://www.youtube.com/watch?v=NMXHHo1XRiw
Governance Attack,https://www.youtube.com/watch?v=_oHkaAd7kM8
Sandwich Attack,https://www.youtube.com/watch?v=6y3nwJS4UJw&pp=ygUMI293ZW5jb250ZW50
Bridges Exploits,https://www.youtube.com/watch?v=vqSmyGaspUI
Infinite Mint Bug,https://www.youtube.com/watch?v=GO3fgYhLa2g&t=213s
Integer Overflow,https://www.youtube.com/watch?v=Dbbh_lrbgAU
DelegateCall Attack,https://www.youtube.com/watch?v=N7MWrjHe5Xs&pp=ygUOI2NvbnRyYWN0aGFja3M%3D
Selfdestruct Misuse,https://www.youtube.com/watch?v=N-LucjCi_cA
Gas Griefing,https://www.youtube.com/watch?v=8hAbvNhXpBY
DoS Attack,https://www.youtube.com/watch?v=bDAY-oUP0DQ
Block Stuffing,https://www.youtube.com/watch?v=MsP9dWsdD1k&pp=ygUKI2JhYnlibG9jaw%3D%3D
MEV Sandwich,https://www.youtube.com/watch?v=BWejbTLwSnc
Zero-Day Vulnerabilities,https://www.youtube.com/watch?v=mKkgsMiw0wM
Security Best Practices,https://www.youtube.com/playlist?list=PL6be81fdH0kN-cad2vKH66x-CxS6xMJzz
Formal Verification,https://www.youtube.com/watch?v=9e7F1XhjhKw
Auditing Tools,https://www.youtube.com/watch?v=k7N4RgDzjWM
Bug Bounty Platforms,https://www.youtube.com/watch?v=XKPTpd7rEKs
Immunefi,https://www.youtube.com/channel/UCmulw2BHpP6IiBM0Re0yP5Q
Hacken,https://www.youtube.com/watch?v=sPcu9cWb6V8
Code4rena,https://www.youtube.com/watch?v=W_blWH5xH5Y
Trail of Bits,https://www.youtube.com/watch?v=bhb_y80iF8w
OpenZeppelin Audit,https://www.youtube.com/watch?v=m_DXfjTulLI
Consensys Diligence,https://www.youtube.com/watch?v=PmRLTXpvmMI
Runtime Verification,https://www.youtube.com/@RuntimeVerification
Certik,https://www.youtube.com/watch?v=0IuC8eQ8_lk
SlowMist,https://www.youtube.com/watch?v=VnJdd4cEglM
PeckShield,https://www.youtube.com/playlist?list=PLXKC_eR3VODSYAup5MdeQu2mZsNoS1qTK
Blockchain Analytics,https://www.youtube.com/watch?v=4rQBcUkPKVw
Transaction Decoders,https://www.youtube.com/watch?v=wWJG_Esb7Hw&pp=ygUOI2V0aGVyZXVtZXZlbnQ%3D
Gas Estimators,https://www.youtube.com/watch?v=VORbOjUNScw
Contract Size Analyzers,https://www.youtube.com/watch?v=VXlsbRl15z8
Slither,https://www.youtube.com/watch?v=ctBuwXmogVM
MythX,https://www.youtube.com/watch?v=3Qc8jhSSYX4
Amazon Web Services (AWS),https://www.youtube.com/watch?v=UmQnenLf_Cs
Microsoft Azure,https://www.youtube.com/watch?v=s2ofWBqU3Kc
Google Cloud Platform (GCP),https://www.youtube.com/watch?v=lvZk_sc8u5I
IBM Cloud,https://www.youtube.com/watch?v=rZ6pKjA5zHQ
Oracle Cloud,https://www.youtube.com/watch?v=I_tlYGYwLmw
DigitalOcean,https://www.youtube.com/watch?v=9ZUHSW1tTiU
Heroku,https://www.youtube.com/playlist?list=PLdk2EmelRVLoW35CpMS8OocIBRZG_SlWx
Linode,https://www.youtube.com/watch?v=KEK-ZxrGxMA
Alibaba Cloud,https://www.youtube.com/watch?v=kKL_0jVuG40&pp=ygUOI2FsaWJhYmFjbG91ZHM%3D
Cloud Architecture,https://www.youtube.com/watch?v=ZfZ_ManKnlM
Cloud Security,https://www.youtube.com/watch?v=sF014G2BUXM
"Cloud Storage (S3, Azure Blob, etc.)",https://www.youtube.com/watch?v=wFsOjHgvUfM
"Cloud Databases (RDS, BigQuery, etc.)",https://www.youtube.com/watch?v=955ZxrSR02I
"Elastic Compute (EC2, App Engine, etc.)",https://www.youtube.com/watch?v=RkxEjs5OC_I
"Serverless Computing (AWS Lambda, Azure Functions)",https://www.youtube.com/watch?v=ROcTpGn5jCg
Load Balancing,https://www.youtube.com/watch?v=xg7Dj2AXLyk&pp=0gcJCdgAo7VqN5tD
"CDN (Cloudflare, AWS CloudFront)",https://www.youtube.com/watch?v=zchzLGY2mDA
Auto Scaling,https://www.youtube.com/watch?v=fwfkSxb1T-s
IAM (Identity and Access Management),https://www.youtube.com/watch?v=hAk-7ImN6iM
VPC (Virtual Private Cloud),https://www.youtube.com/watch?v=g2JOHLHh4rI
"Cloud Monitoring (CloudWatch, Azure Monitor)",https://m.youtube.com/watch?v=Y61Obc6Bs6Y
"Logging (ELK, Cloud Logging)",https://www.youtube.com/playlist?list=PLVNY1HnUlO27YlsBP9siCtzyayuYlCv8i
Cost Management,https://www.youtube.com/watch?v=FID1uV3Xcxo
Hybrid Cloud,https://www.youtube.com/watch?v=GylUi1mKdy8
Cloud Migration,https://www.youtube.com/watch?v=qiY9wc9gUwE
Containerization (Docker),https://www.youtube.com/watch?v=b0HMimUb4f0&pp=0gcJCdgAo7VqN5tD
Orchestration (Kubernetes),https://www.youtube.com/watch?v=jGKEbEhAtdY
Terraform,https://www.youtube.com/watch?v=7xngnjfIlK4
CloudFormation,https://www.youtube.com/watch?v=2gT1dvbppg8&pp=0gcJCdgAo7VqN5tD
CI/CD in Cloud,https://www.youtube.com/watch?v=orZEBSXbmFU&pp=ygUMI2Nsb3VkZGVwbG95
EthFiddle,https://www.youtube.com/watch?v=kcvvl62QIlM
Cybersecurity Skills,https://www.youtube.com/playlist?list=PL9ooVrP1hQOGPQVeapGsJCktzIO4DtI4_
Network Security,https://www.youtube.com/watch?v=zIWGjkr0ENE&pp=0gcJCdgAo7VqN5tD
Application Security,https://www.youtube.com/watch?v=m1gKcr4RCF4
Web Security,https://www.youtube.com/watch?v=80VviDER96I&pp=ygULI3dlYnNlY3VydHk%3D
"Encryption (AES, RSA, etc.)",https://www.youtube.com/watch?v=KykVuOvFfZU
Public Key Infrastructure (PKI),https://www.youtube.com/watch?v=SQlJcWqyqqI
Digital Signatures,https://www.youtube.com/watch?v=-OBykqxS0rM
SSL/TLS,https://www.youtube.com/watch?v=LJDsdSh1CYM
HTTPS,https://www.youtube.com/watch?v=EnY6fSng3Ew
Firewall Configuration,https://www.youtube.com/watch?v=WTzLG4NgOlw&pp=0gcJCdgAo7VqN5tD
IDS/IPS,https://www.youtube.com/watch?v=NLLN4ynrono
VPN,https://www.youtube.com/watch?v=P_ZV6tW6D34
Penetration Testing,https://www.youtube.com/watch?v=smuBRTv966I
Ethical Hacking,https://www.youtube.com/watch?v=sZHDTaeWVto
OWASP Top 10,https://www.youtube.com/watch?v=YYe0FdfdgDU
XSS (Cross-Site Scripting),https://www.youtube.com/watch?v=WkDQTivDoW0
CSRF,https://www.youtube.com/watch?v=7bTNMSqCMI0
SQL Injection,https://www.youtube.com/watch?v=mVJr9SDelkQ
Zero Trust Architecture,https://www.youtube.com/watch?v=IsbUbU4LDWg
Remix Analyzer,https://www.youtube.com/watch?v=0frxvI-r5oU
Vyper Verifier,https://www.youtube.com/watch?v=Thxt5rn0IE4
Solgraph,https://www.youtube.com/watch?v=G8Bt1RjV4oY
Manticore,https://www.youtube.com/playlist?list=PLXfWgLbFWF4YyAPuhonsrKGEqx-Xz0DKl
Machine learning,https://www.youtube.com/watch?v=i_LwzRVP7bg
Hybrid Cloud,https://www.youtube.com/watch?v=GylUi1mKdy8
Cloud Migration,https://www.youtube.com/watch?v=OSYVeK_yBCc
Containerization (Docker),https://www.youtube.com/watch?v=b0HMimUb4f0&pp=0gcJCdgAo7VqN5tD
Orchestration (Kubernetes),https://www.youtube.com/watch?v=jGKEbEhAtdY
Terraform,https://www.youtube.com/watch?v=7xngnjfIlK4
CloudFormation,https://www.youtube.com/watch?v=2gT1dvbppg8&pp=0gcJCdgAo7VqN5tD
CI/CD in Cloud,https://www.youtube.com/watch?v=orZEBSXbmFU&pp=ygUMI2Nsb3VkZGVwbG95
Cybersecurity Skills,https://www.youtube.com/playlist?list=PL9ooVrP1hQOGPQVeapGsJCktzIO4DtI4_
Network Security,https://www.youtube.com/watch?v=zIWGjkr0ENE&pp=0gcJCdgAo7VqN5tD
